{
    "prepare_queue": {
        "installed": [],
        "uninstalled": []
    },
    "config_munge": {
        "files": {
            "config.xml": {
                "parents": {
                    "/*": [
                        {
                            "xml": "<feature name=\"BarcodeScanner\"><param name=\"browser-package\" value=\"BarcodeScanner\" /></feature>",
                            "count": 1
                        }
                    ]
                }
            }
        }
    },
    "installed_plugins": {
        "cordova-plugin-whitelist": {
            "PACKAGE_NAME": "com.victorsiqueira.garconapp"
        },
        "cordova-plugin-statusbar": {
            "PACKAGE_NAME": "com.victorsiqueira.garconapp"
        },
        "phonegap-plugin-barcodescanner": {
            "PACKAGE_NAME": "com.victorsiqueira.garconapp"
        },
        "cordova-plugin-vibration": {
            "PACKAGE_NAME": "com.victorsiqueira.garconapp"
        }
    },
    "dependent_plugins": {},
    "modules": [
        {
            "file": "plugins/cordova-plugin-statusbar/www/statusbar.js",
            "id": "cordova-plugin-statusbar.statusbar",
            "pluginId": "cordova-plugin-statusbar",
            "clobbers": [
                "window.StatusBar"
            ]
        },
        {
            "file": "plugins/cordova-plugin-statusbar/src/browser/statusbar.js",
            "id": "cordova-plugin-statusbar.statusbar.Browser",
            "pluginId": "cordova-plugin-statusbar",
            "merges": [
                "window.StatusBar"
            ]
        },
        {
            "file": "plugins/phonegap-plugin-barcodescanner/www/barcodescanner.js",
            "id": "phonegap-plugin-barcodescanner.BarcodeScanner",
            "pluginId": "phonegap-plugin-barcodescanner",
            "clobbers": [
                "cordova.plugins.barcodeScanner"
            ]
        },
        {
            "file": "plugins/phonegap-plugin-barcodescanner/src/browser/BarcodeScannerProxy.js",
            "id": "phonegap-plugin-barcodescanner.BarcodeScannerProxy",
            "pluginId": "phonegap-plugin-barcodescanner",
            "runs": true
        },
        {
            "file": "plugins/cordova-plugin-vibration/www/vibration.js",
            "id": "cordova-plugin-vibration.notification",
            "pluginId": "cordova-plugin-vibration",
            "merges": [
                "navigator.notification",
                "navigator"
            ]
        },
        {
            "file": "plugins/cordova-plugin-vibration/src/browser/Vibration.js",
            "id": "cordova-plugin-vibration.Vibration",
            "pluginId": "cordova-plugin-vibration",
            "merges": [
                "navigator.notification",
                "navigator"
            ]
        }
    ],
    "plugin_metadata": {
        "cordova-plugin-whitelist": "1.2.2",
        "cordova-plugin-statusbar": "2.1.3",
        "phonegap-plugin-barcodescanner": "5.0.1",
        "cordova-plugin-vibration": "2.1.1"
    }
}